DELETE FROM partidos;
DELETE FROM jugadores;
DELETE FROM equipos;
DELETE FROM torneos;

INSERT INTO torneos (id, nombre, estado, max_jugadores_por_equipo, puntos_victoria, puntos_empate, puntos_derrota) VALUES
('11111111-1111-1111-1111-111111111111', 'Copa Cliente 2026', 'EN_JUEGO', 16, 3, 1, 0),
('22222222-2222-2222-2222-222222222222', 'Copa Verano 2025', 'FINALIZADO', 16, 3, 1, 0),
('33333333-3333-3333-3333-333333333333', 'Apertura 2026', 'INSCRIPCIONES_ABIERTAS', 18, 3, 1, 0);

INSERT INTO equipos (id, nombre, delegado_email, torneo_id) VALUES
('aaaaaaaa-0000-0000-0000-000000000001', 'Leones', 'leones@demo.com', '11111111-1111-1111-1111-111111111111'),
('aaaaaaaa-0000-0000-0000-000000000002', 'Tigres', 'tigres@demo.com', '11111111-1111-1111-1111-111111111111'),
('aaaaaaaa-0000-0000-0000-000000000003', 'Halcones', 'halcones@demo.com', '11111111-1111-1111-1111-111111111111'),
('aaaaaaaa-0000-0000-0000-000000000004', 'Lobos', 'lobos@demo.com', '11111111-1111-1111-1111-111111111111'),
('aaaaaaaa-0000-0000-0000-000000000005', 'Toros', 'toros@demo.com', '11111111-1111-1111-1111-111111111111'),
('aaaaaaaa-0000-0000-0000-000000000006', 'Condors', 'condors@demo.com', '11111111-1111-1111-1111-111111111111'),

('bbbbbbbb-0000-0000-0000-000000000001', 'Atleticos', 'atleticos@demo.com', '22222222-2222-2222-2222-222222222222'),
('bbbbbbbb-0000-0000-0000-000000000002', 'Rayo', 'rayo@demo.com', '22222222-2222-2222-2222-222222222222'),
('bbbbbbbb-0000-0000-0000-000000000003', 'Central', 'central@demo.com', '22222222-2222-2222-2222-222222222222'),
('bbbbbbbb-0000-0000-0000-000000000004', 'Norte', 'norte@demo.com', '22222222-2222-2222-2222-222222222222'),

('cccccccc-0000-0000-0000-000000000001', 'Academia', 'academia@demo.com', '33333333-3333-3333-3333-333333333333'),
('cccccccc-0000-0000-0000-000000000002', 'Union', 'union@demo.com', '33333333-3333-3333-3333-333333333333'),
('cccccccc-0000-0000-0000-000000000003', 'Marineros', 'marineros@demo.com', '33333333-3333-3333-3333-333333333333'),
('cccccccc-0000-0000-0000-000000000004', 'Ferro', 'ferro@demo.com', '33333333-3333-3333-3333-333333333333');

INSERT INTO jugadores (id, nombre, numero_camiseta, equipo_id) VALUES
('d1a00000-0000-0000-0000-000000000001', 'Carlos Rivas', 1, 'aaaaaaaa-0000-0000-0000-000000000001'),
('d1a00000-0000-0000-0000-000000000002', 'Mateo Silva', 5, 'aaaaaaaa-0000-0000-0000-000000000001'),
('d1a00000-0000-0000-0000-000000000003', 'Luis Prado', 7, 'aaaaaaaa-0000-0000-0000-000000000001'),
('d1a00000-0000-0000-0000-000000000004', 'Diego Funes', 9, 'aaaaaaaa-0000-0000-0000-000000000001'),
('d1a00000-0000-0000-0000-000000000005', 'Sergio Ponce', 11, 'aaaaaaaa-0000-0000-0000-000000000001'),

('d1b00000-0000-0000-0000-000000000001', 'Bruno Saenz', 1, 'aaaaaaaa-0000-0000-0000-000000000002'),
('d1b00000-0000-0000-0000-000000000002', 'Nicolas Vera', 4, 'aaaaaaaa-0000-0000-0000-000000000002'),
('d1b00000-0000-0000-0000-000000000003', 'Julian Ramos', 6, 'aaaaaaaa-0000-0000-0000-000000000002'),
('d1b00000-0000-0000-0000-000000000004', 'Agustin Mena', 8, 'aaaaaaaa-0000-0000-0000-000000000002'),
('d1b00000-0000-0000-0000-000000000005', 'Hernan Ibarra', 10, 'aaaaaaaa-0000-0000-0000-000000000002'),

('d1c00000-0000-0000-0000-000000000001', 'Pablo Rios', 1, 'aaaaaaaa-0000-0000-0000-000000000003'),
('d1c00000-0000-0000-0000-000000000002', 'Ramon Araujo', 3, 'aaaaaaaa-0000-0000-0000-000000000003'),
('d1c00000-0000-0000-0000-000000000003', 'Alvaro Nunez', 5, 'aaaaaaaa-0000-0000-0000-000000000003'),
('d1c00000-0000-0000-0000-000000000004', 'Gaston Quiroga', 7, 'aaaaaaaa-0000-0000-0000-000000000003'),
('d1c00000-0000-0000-0000-000000000005', 'Ivan Muros', 9, 'aaaaaaaa-0000-0000-0000-000000000003'),

('d1d00000-0000-0000-0000-000000000001', 'Oscar Lima', 1, 'aaaaaaaa-0000-0000-0000-000000000004'),
('d1d00000-0000-0000-0000-000000000002', 'Facundo Ortiz', 4, 'aaaaaaaa-0000-0000-0000-000000000004'),
('d1d00000-0000-0000-0000-000000000003', 'Elias Franco', 6, 'aaaaaaaa-0000-0000-0000-000000000004'),
('d1d00000-0000-0000-0000-000000000004', 'Marcos Duran', 8, 'aaaaaaaa-0000-0000-0000-000000000004'),
('d1d00000-0000-0000-0000-000000000005', 'Tomas Mejia', 10, 'aaaaaaaa-0000-0000-0000-000000000004'),

('d1e00000-0000-0000-0000-000000000001', 'Rafael Soto', 1, 'aaaaaaaa-0000-0000-0000-000000000005'),
('d1e00000-0000-0000-0000-000000000002', 'Emilio Costa', 3, 'aaaaaaaa-0000-0000-0000-000000000005'),
('d1e00000-0000-0000-0000-000000000003', 'Joaquin Lagos', 5, 'aaaaaaaa-0000-0000-0000-000000000005'),
('d1e00000-0000-0000-0000-000000000004', 'Adrian Peralta', 7, 'aaaaaaaa-0000-0000-0000-000000000005'),
('d1e00000-0000-0000-0000-000000000005', 'Hugo Estevez', 9, 'aaaaaaaa-0000-0000-0000-000000000005'),

('d1f00000-0000-0000-0000-000000000001', 'Sebastian Luna', 1, 'aaaaaaaa-0000-0000-0000-000000000006'),
('d1f00000-0000-0000-0000-000000000002', 'Rodrigo Cortes', 4, 'aaaaaaaa-0000-0000-0000-000000000006'),
('d1f00000-0000-0000-0000-000000000003', 'Martin Acosta', 6, 'aaaaaaaa-0000-0000-0000-000000000006'),
('d1f00000-0000-0000-0000-000000000004', 'Dario Salas', 8, 'aaaaaaaa-0000-0000-0000-000000000006'),
('d1f00000-0000-0000-0000-000000000005', 'Esteban Vela', 10, 'aaaaaaaa-0000-0000-0000-000000000006'),

('d2a00000-0000-0000-0000-000000000001', 'Gonzalo Rey', 1, 'bbbbbbbb-0000-0000-0000-000000000001'),
('d2a00000-0000-0000-0000-000000000002', 'Martin Cruz', 5, 'bbbbbbbb-0000-0000-0000-000000000001'),
('d2a00000-0000-0000-0000-000000000003', 'Lucas Vidal', 7, 'bbbbbbbb-0000-0000-0000-000000000001'),
('d2a00000-0000-0000-0000-000000000004', 'Ignacio Campos', 9, 'bbbbbbbb-0000-0000-0000-000000000001'),
('d2a00000-0000-0000-0000-000000000005', 'Piero Maldonado', 11, 'bbbbbbbb-0000-0000-0000-000000000001'),

('d2b00000-0000-0000-0000-000000000001', 'Ezequiel Lozano', 1, 'bbbbbbbb-0000-0000-0000-000000000002'),
('d2b00000-0000-0000-0000-000000000002', 'Santiago Correa', 4, 'bbbbbbbb-0000-0000-0000-000000000002'),
('d2b00000-0000-0000-0000-000000000003', 'Matias Oliva', 6, 'bbbbbbbb-0000-0000-0000-000000000002'),
('d2b00000-0000-0000-0000-000000000004', 'Federico Sosa', 8, 'bbbbbbbb-0000-0000-0000-000000000002'),
('d2b00000-0000-0000-0000-000000000005', 'Kevin Roldan', 10, 'bbbbbbbb-0000-0000-0000-000000000002'),

('d2c00000-0000-0000-0000-000000000001', 'Alan Ferreyra', 1, 'bbbbbbbb-0000-0000-0000-000000000003'),
('d2c00000-0000-0000-0000-000000000002', 'Diego Perdomo', 3, 'bbbbbbbb-0000-0000-0000-000000000003'),
('d2c00000-0000-0000-0000-000000000003', 'Gerardo Marti', 5, 'bbbbbbbb-0000-0000-0000-000000000003'),
('d2c00000-0000-0000-0000-000000000004', 'Julio Arevalo', 7, 'bbbbbbbb-0000-0000-0000-000000000003'),
('d2c00000-0000-0000-0000-000000000005', 'Raul Pereyra', 9, 'bbbbbbbb-0000-0000-0000-000000000003'),

('d2d00000-0000-0000-0000-000000000001', 'German Moya', 1, 'bbbbbbbb-0000-0000-0000-000000000004'),
('d2d00000-0000-0000-0000-000000000002', 'Franco Paredes', 4, 'bbbbbbbb-0000-0000-0000-000000000004'),
('d2d00000-0000-0000-0000-000000000003', 'Enzo Benitez', 6, 'bbbbbbbb-0000-0000-0000-000000000004'),
('d2d00000-0000-0000-0000-000000000004', 'Lautaro Segura', 8, 'bbbbbbbb-0000-0000-0000-000000000004'),
('d2d00000-0000-0000-0000-000000000005', 'Nahuel Rojas', 10, 'bbbbbbbb-0000-0000-0000-000000000004'),

('d3a00000-0000-0000-0000-000000000001', 'Victor Paredes', 1, 'cccccccc-0000-0000-0000-000000000001'),
('d3a00000-0000-0000-0000-000000000002', 'Alan Rosales', 7, 'cccccccc-0000-0000-0000-000000000001'),
('d3a00000-0000-0000-0000-000000000003', 'Cristian Solis', 10, 'cccccccc-0000-0000-0000-000000000001'),

('d3b00000-0000-0000-0000-000000000001', 'Mauricio Salcedo', 1, 'cccccccc-0000-0000-0000-000000000002'),
('d3b00000-0000-0000-0000-000000000002', 'Hector Barrios', 8, 'cccccccc-0000-0000-0000-000000000002'),
('d3b00000-0000-0000-0000-000000000003', 'Agustin Meza', 11, 'cccccccc-0000-0000-0000-000000000002'),

('d3c00000-0000-0000-0000-000000000001', 'Cesar Hidalgo', 1, 'cccccccc-0000-0000-0000-000000000003'),
('d3c00000-0000-0000-0000-000000000002', 'Rodrigo Calderon', 6, 'cccccccc-0000-0000-0000-000000000003'),
('d3c00000-0000-0000-0000-000000000003', 'Damian Lara', 9, 'cccccccc-0000-0000-0000-000000000003'),

('d3d00000-0000-0000-0000-000000000001', 'Julian Velez', 1, 'cccccccc-0000-0000-0000-000000000004'),
('d3d00000-0000-0000-0000-000000000002', 'Emanuel Arias', 5, 'cccccccc-0000-0000-0000-000000000004'),
('d3d00000-0000-0000-0000-000000000003', 'Nicolas Suarez', 8, 'cccccccc-0000-0000-0000-000000000004');

INSERT INTO partidos (id, torneo_id, equipo_local_id, equipo_visitante_id, fecha_programada, goles_local, goles_visitante, resultado, jornada) VALUES
('e1a00000-0000-0000-0000-000000000001', '11111111-1111-1111-1111-111111111111', 'aaaaaaaa-0000-0000-0000-000000000001', 'aaaaaaaa-0000-0000-0000-000000000002', '2026-02-05 19:00:00', 2, 1, 'LOCAL_GANO', 1),
('e1a00000-0000-0000-0000-000000000002', '11111111-1111-1111-1111-111111111111', 'aaaaaaaa-0000-0000-0000-000000000003', 'aaaaaaaa-0000-0000-0000-000000000004', '2026-02-06 20:00:00', 0, 0, 'EMPATE', 1),
('e1a00000-0000-0000-0000-000000000003', '11111111-1111-1111-1111-111111111111', 'aaaaaaaa-0000-0000-0000-000000000005', 'aaaaaaaa-0000-0000-0000-000000000006', '2026-02-07 18:30:00', 1, 3, 'VISITANTE_GANO', 1),
('e1a00000-0000-0000-0000-000000000004', '11111111-1111-1111-1111-111111111111', 'aaaaaaaa-0000-0000-0000-000000000001', 'aaaaaaaa-0000-0000-0000-000000000003', '2026-02-12 19:00:00', 1, 1, 'EMPATE', 2),
('e1a00000-0000-0000-0000-000000000005', '11111111-1111-1111-1111-111111111111', 'aaaaaaaa-0000-0000-0000-000000000002', 'aaaaaaaa-0000-0000-0000-000000000005', '2026-02-13 20:00:00', 0, 2, 'VISITANTE_GANO', 2),
('e1a00000-0000-0000-0000-000000000006', '11111111-1111-1111-1111-111111111111', 'aaaaaaaa-0000-0000-0000-000000000004', 'aaaaaaaa-0000-0000-0000-000000000006', '2026-02-14 18:30:00', 0, 0, 'PENDIENTE', 2),

('e2a00000-0000-0000-0000-000000000001', '22222222-2222-2222-2222-222222222222', 'bbbbbbbb-0000-0000-0000-000000000001', 'bbbbbbbb-0000-0000-0000-000000000002', '2025-11-10 19:00:00', 3, 1, 'LOCAL_GANO', 1),
('e2a00000-0000-0000-0000-000000000002', '22222222-2222-2222-2222-222222222222', 'bbbbbbbb-0000-0000-0000-000000000003', 'bbbbbbbb-0000-0000-0000-000000000004', '2025-11-10 21:00:00', 2, 2, 'EMPATE', 1),
('e2a00000-0000-0000-0000-000000000003', '22222222-2222-2222-2222-222222222222', 'bbbbbbbb-0000-0000-0000-000000000001', 'bbbbbbbb-0000-0000-0000-000000000003', '2025-11-17 19:00:00', 1, 0, 'LOCAL_GANO', 2),
('e2a00000-0000-0000-0000-000000000004', '22222222-2222-2222-2222-222222222222', 'bbbbbbbb-0000-0000-0000-000000000002', 'bbbbbbbb-0000-0000-0000-000000000004', '2025-11-17 21:00:00', 0, 1, 'VISITANTE_GANO', 2),
('e2a00000-0000-0000-0000-000000000005', '22222222-2222-2222-2222-222222222222', 'bbbbbbbb-0000-0000-0000-000000000001', 'bbbbbbbb-0000-0000-0000-000000000004', '2025-11-24 19:00:00', 2, 2, 'EMPATE', 3),
('e2a00000-0000-0000-0000-000000000006', '22222222-2222-2222-2222-222222222222', 'bbbbbbbb-0000-0000-0000-000000000002', 'bbbbbbbb-0000-0000-0000-000000000003', '2025-11-24 21:00:00', 1, 2, 'VISITANTE_GANO', 3);
