DELETE FROM eventos_partido;
DELETE FROM partidos;
DELETE FROM jugadores;
DELETE FROM equipos;
DELETE FROM fases;
DELETE FROM torneos;

INSERT INTO torneos (id, nombre, estado, max_jugadores_por_equipo, puntos_victoria, puntos_empate, puntos_derrota) VALUES
('11111111-1111-1111-1111-111111111111', 'Copa Cliente 2026', 'EN_JUEGO', 18, 3, 1, 0),
('22222222-2222-2222-2222-222222222222', 'Copa Primavera 2026', 'INSCRIPCIONES_ABIERTAS', 20, 3, 1, 0),
('33333333-3333-3333-3333-333333333333', 'Clausura 2025', 'FINALIZADO', 18, 3, 1, 0);

INSERT INTO fases (id, torneo_id, nombre, orden, tipo, completada) VALUES
('f1111111-0000-0000-0000-000000000001', '11111111-1111-1111-1111-111111111111', 'Fase de Grupos', 1, 'GRUPOS', true),
('f1111111-0000-0000-0000-000000000002', '11111111-1111-1111-1111-111111111111', 'Cuartos de Final', 2, 'ELIMINATORIA', false),
('f3333333-0000-0000-0000-000000000001', '33333333-3333-3333-3333-333333333333', 'Fase Unica', 1, 'ROUND_ROBIN', true);

INSERT INTO equipos (id, nombre, delegado_email, torneo_id) VALUES
('aaaaaaaa-0000-0000-0000-000000000001', 'Leones', 'leones@demo.com', '11111111-1111-1111-1111-111111111111'),
('aaaaaaaa-0000-0000-0000-000000000002', 'Tigres', 'tigres@demo.com', '11111111-1111-1111-1111-111111111111'),
('aaaaaaaa-0000-0000-0000-000000000003', 'Halcones', 'halcones@demo.com', '11111111-1111-1111-1111-111111111111'),
('aaaaaaaa-0000-0000-0000-000000000004', 'Lobos', 'lobos@demo.com', '11111111-1111-1111-1111-111111111111'),
('aaaaaaaa-0000-0000-0000-000000000005', 'Toros', 'toros@demo.com', '11111111-1111-1111-1111-111111111111'),
('aaaaaaaa-0000-0000-0000-000000000006', 'Condors', 'condors@demo.com', '11111111-1111-1111-1111-111111111111'),

('bbbbbbbb-0000-0000-0000-000000000001', 'Atleticos', 'atleticos@demo.com', '22222222-2222-2222-2222-222222222222'),
('bbbbbbbb-0000-0000-0000-000000000002', 'Rayo', 'rayo@demo.com', '22222222-2222-2222-2222-222222222222'),
('bbbbbbbb-0000-0000-0000-000000000003', 'Central', 'central@demo.com', '22222222-2222-2222-2222-222222222222'),
('bbbbbbbb-0000-0000-0000-000000000004', 'Norte', 'norte@demo.com', '22222222-2222-2222-2222-222222222222'),

('cccccccc-0000-0000-0000-000000000001', 'Academia', 'academia@demo.com', '33333333-3333-3333-3333-333333333333'),
('cccccccc-0000-0000-0000-000000000002', 'Union', 'union@demo.com', '33333333-3333-3333-3333-333333333333'),
('cccccccc-0000-0000-0000-000000000003', 'Marineros', 'marineros@demo.com', '33333333-3333-3333-3333-333333333333'),
('cccccccc-0000-0000-0000-000000000004', 'Ferro', 'ferro@demo.com', '33333333-3333-3333-3333-333333333333');

INSERT INTO jugadores (id, nombre, numero_camiseta, equipo_id) VALUES
('d1a00000-0000-0000-0000-000000000001', 'Carlos Rivas', 1, 'aaaaaaaa-0000-0000-0000-000000000001'),
('d1a00000-0000-0000-0000-000000000002', 'Mateo Silva', 2, 'aaaaaaaa-0000-0000-0000-000000000001'),
('d1a00000-0000-0000-0000-000000000003', 'Luis Prado', 3, 'aaaaaaaa-0000-0000-0000-000000000001'),
('d1a00000-0000-0000-0000-000000000004', 'Diego Funes', 4, 'aaaaaaaa-0000-0000-0000-000000000001'),
('d1a00000-0000-0000-0000-000000000005', 'Sergio Ponce', 5, 'aaaaaaaa-0000-0000-0000-000000000001'),
('d1a00000-0000-0000-0000-000000000006', 'Emilio Costa', 6, 'aaaaaaaa-0000-0000-0000-000000000001'),

('d1b00000-0000-0000-0000-000000000001', 'Bruno Saenz', 1, 'aaaaaaaa-0000-0000-0000-000000000002'),
('d1b00000-0000-0000-0000-000000000002', 'Nicolas Vera', 2, 'aaaaaaaa-0000-0000-0000-000000000002'),
('d1b00000-0000-0000-0000-000000000003', 'Julian Ramos', 3, 'aaaaaaaa-0000-0000-0000-000000000002'),
('d1b00000-0000-0000-0000-000000000004', 'Agustin Mena', 4, 'aaaaaaaa-0000-0000-0000-000000000002'),
('d1b00000-0000-0000-0000-000000000005', 'Hernan Ibarra', 5, 'aaaaaaaa-0000-0000-0000-000000000002'),
('d1b00000-0000-0000-0000-000000000006', 'Piero Maldonado', 6, 'aaaaaaaa-0000-0000-0000-000000000002'),

('d1c00000-0000-0000-0000-000000000001', 'Pablo Rios', 1, 'aaaaaaaa-0000-0000-0000-000000000003'),
('d1c00000-0000-0000-0000-000000000002', 'Ramon Araujo', 2, 'aaaaaaaa-0000-0000-0000-000000000003'),
('d1c00000-0000-0000-0000-000000000003', 'Alvaro Nunez', 3, 'aaaaaaaa-0000-0000-0000-000000000003'),
('d1c00000-0000-0000-0000-000000000004', 'Gaston Quiroga', 4, 'aaaaaaaa-0000-0000-0000-000000000003'),
('d1c00000-0000-0000-0000-000000000005', 'Ivan Muros', 5, 'aaaaaaaa-0000-0000-0000-000000000003'),
('d1c00000-0000-0000-0000-000000000006', 'Cesar Hidalgo', 6, 'aaaaaaaa-0000-0000-0000-000000000003'),

('d1d00000-0000-0000-0000-000000000001', 'Oscar Lima', 1, 'aaaaaaaa-0000-0000-0000-000000000004'),
('d1d00000-0000-0000-0000-000000000002', 'Facundo Ortiz', 2, 'aaaaaaaa-0000-0000-0000-000000000004'),
('d1d00000-0000-0000-0000-000000000003', 'Elias Franco', 3, 'aaaaaaaa-0000-0000-0000-000000000004'),
('d1d00000-0000-0000-0000-000000000004', 'Marcos Duran', 4, 'aaaaaaaa-0000-0000-0000-000000000004'),
('d1d00000-0000-0000-0000-000000000005', 'Tomas Mejia', 5, 'aaaaaaaa-0000-0000-0000-000000000004'),
('d1d00000-0000-0000-0000-000000000006', 'German Moya', 6, 'aaaaaaaa-0000-0000-0000-000000000004'),

('d1e00000-0000-0000-0000-000000000001', 'Rafael Soto', 1, 'aaaaaaaa-0000-0000-0000-000000000005'),
('d1e00000-0000-0000-0000-000000000002', 'Joaquin Lagos', 2, 'aaaaaaaa-0000-0000-0000-000000000005'),
('d1e00000-0000-0000-0000-000000000003', 'Adrian Peralta', 3, 'aaaaaaaa-0000-0000-0000-000000000005'),
('d1e00000-0000-0000-0000-000000000004', 'Hugo Estevez', 4, 'aaaaaaaa-0000-0000-0000-000000000005'),
('d1e00000-0000-0000-0000-000000000005', 'Federico Sosa', 5, 'aaaaaaaa-0000-0000-0000-000000000005'),
('d1e00000-0000-0000-0000-000000000006', 'Rodrigo Cortes', 6, 'aaaaaaaa-0000-0000-0000-000000000005'),

('d1f00000-0000-0000-0000-000000000001', 'Sebastian Luna', 1, 'aaaaaaaa-0000-0000-0000-000000000006'),
('d1f00000-0000-0000-0000-000000000002', 'Martin Acosta', 2, 'aaaaaaaa-0000-0000-0000-000000000006'),
('d1f00000-0000-0000-0000-000000000003', 'Dario Salas', 3, 'aaaaaaaa-0000-0000-0000-000000000006'),
('d1f00000-0000-0000-0000-000000000004', 'Esteban Vela', 4, 'aaaaaaaa-0000-0000-0000-000000000006'),
('d1f00000-0000-0000-0000-000000000005', 'Alan Rosales', 5, 'aaaaaaaa-0000-0000-0000-000000000006'),
('d1f00000-0000-0000-0000-000000000006', 'Agustin Meza', 6, 'aaaaaaaa-0000-0000-0000-000000000006'),

('d2a00000-0000-0000-0000-000000000001', 'Gonzalo Rey', 1, 'bbbbbbbb-0000-0000-0000-000000000001'),
('d2a00000-0000-0000-0000-000000000002', 'Martin Cruz', 2, 'bbbbbbbb-0000-0000-0000-000000000001'),
('d2a00000-0000-0000-0000-000000000003', 'Lucas Vidal', 3, 'bbbbbbbb-0000-0000-0000-000000000001'),
('d2a00000-0000-0000-0000-000000000004', 'Ignacio Campos', 4, 'bbbbbbbb-0000-0000-0000-000000000001'),
('d2a00000-0000-0000-0000-000000000005', 'Matias Oliva', 5, 'bbbbbbbb-0000-0000-0000-000000000001'),

('d2b00000-0000-0000-0000-000000000001', 'Ezequiel Lozano', 1, 'bbbbbbbb-0000-0000-0000-000000000002'),
('d2b00000-0000-0000-0000-000000000002', 'Santiago Correa', 2, 'bbbbbbbb-0000-0000-0000-000000000002'),
('d2b00000-0000-0000-0000-000000000003', 'Kevin Roldan', 3, 'bbbbbbbb-0000-0000-0000-000000000002'),
('d2b00000-0000-0000-0000-000000000004', 'Franco Paredes', 4, 'bbbbbbbb-0000-0000-0000-000000000002'),
('d2b00000-0000-0000-0000-000000000005', 'Nahuel Rojas', 5, 'bbbbbbbb-0000-0000-0000-000000000002'),

('d2c00000-0000-0000-0000-000000000001', 'Alan Ferreyra', 1, 'bbbbbbbb-0000-0000-0000-000000000003'),
('d2c00000-0000-0000-0000-000000000002', 'Diego Perdomo', 2, 'bbbbbbbb-0000-0000-0000-000000000003'),
('d2c00000-0000-0000-0000-000000000003', 'Gerardo Marti', 3, 'bbbbbbbb-0000-0000-0000-000000000003'),
('d2c00000-0000-0000-0000-000000000004', 'Julio Arevalo', 4, 'bbbbbbbb-0000-0000-0000-000000000003'),
('d2c00000-0000-0000-0000-000000000005', 'Raul Pereyra', 5, 'bbbbbbbb-0000-0000-0000-000000000003'),

('d2d00000-0000-0000-0000-000000000001', 'Victor Paredes', 1, 'bbbbbbbb-0000-0000-0000-000000000004'),
('d2d00000-0000-0000-0000-000000000002', 'Hector Barrios', 2, 'bbbbbbbb-0000-0000-0000-000000000004'),
('d2d00000-0000-0000-0000-000000000003', 'Emanuel Arias', 3, 'bbbbbbbb-0000-0000-0000-000000000004'),
('d2d00000-0000-0000-0000-000000000004', 'Nicolas Suarez', 4, 'bbbbbbbb-0000-0000-0000-000000000004'),
('d2d00000-0000-0000-0000-000000000005', 'Lautaro Segura', 5, 'bbbbbbbb-0000-0000-0000-000000000004'),

('d3a00000-0000-0000-0000-000000000001', 'Cristian Solis', 1, 'cccccccc-0000-0000-0000-000000000001'),
('d3a00000-0000-0000-0000-000000000002', 'Mauricio Salcedo', 2, 'cccccccc-0000-0000-0000-000000000001'),
('d3a00000-0000-0000-0000-000000000003', 'Hernan Vega', 3, 'cccccccc-0000-0000-0000-000000000001'),
('d3a00000-0000-0000-0000-000000000004', 'Pablo Soto', 4, 'cccccccc-0000-0000-0000-000000000001'),
('d3a00000-0000-0000-0000-000000000005', 'Emiliano Bravo', 5, 'cccccccc-0000-0000-0000-000000000001'),

('d3b00000-0000-0000-0000-000000000001', 'Leonel Diaz', 1, 'cccccccc-0000-0000-0000-000000000002'),
('d3b00000-0000-0000-0000-000000000002', 'Santiago Vega', 2, 'cccccccc-0000-0000-0000-000000000002'),
('d3b00000-0000-0000-0000-000000000003', 'Gaston Ferreyra', 3, 'cccccccc-0000-0000-0000-000000000002'),
('d3b00000-0000-0000-0000-000000000004', 'Matias Gutierrez', 4, 'cccccccc-0000-0000-0000-000000000002'),
('d3b00000-0000-0000-0000-000000000005', 'Bruno Costa', 5, 'cccccccc-0000-0000-0000-000000000002'),

('d3c00000-0000-0000-0000-000000000001', 'Rodrigo Calderon', 1, 'cccccccc-0000-0000-0000-000000000003'),
('d3c00000-0000-0000-0000-000000000002', 'Damian Lara', 2, 'cccccccc-0000-0000-0000-000000000003'),
('d3c00000-0000-0000-0000-000000000003', 'Julian Velez', 3, 'cccccccc-0000-0000-0000-000000000003'),
('d3c00000-0000-0000-0000-000000000004', 'Elias Bravo', 4, 'cccccccc-0000-0000-0000-000000000003'),
('d3c00000-0000-0000-0000-000000000005', 'Agustin Arce', 5, 'cccccccc-0000-0000-0000-000000000003'),

('d3d00000-0000-0000-0000-000000000001', 'Cesar Alvarez', 1, 'cccccccc-0000-0000-0000-000000000004'),
('d3d00000-0000-0000-0000-000000000002', 'Enzo Benitez', 2, 'cccccccc-0000-0000-0000-000000000004'),
('d3d00000-0000-0000-0000-000000000003', 'Franco Ortiz', 3, 'cccccccc-0000-0000-0000-000000000004'),
('d3d00000-0000-0000-0000-000000000004', 'Nahuel Cabrera', 4, 'cccccccc-0000-0000-0000-000000000004'),
('d3d00000-0000-0000-0000-000000000005', 'Sergio Medina', 5, 'cccccccc-0000-0000-0000-000000000004');

INSERT INTO partidos (id, torneo_id, equipo_local_id, equipo_visitante_id, fecha_programada, goles_local, goles_visitante, resultado, jornada) VALUES
('e1a00000-0000-0000-0000-000000000001', '11111111-1111-1111-1111-111111111111', 'aaaaaaaa-0000-0000-0000-000000000001', 'aaaaaaaa-0000-0000-0000-000000000002', '2026-02-03 19:00:00', 2, 1, 'LOCAL_GANO', 1),
('e1a00000-0000-0000-0000-000000000002', '11111111-1111-1111-1111-111111111111', 'aaaaaaaa-0000-0000-0000-000000000003', 'aaaaaaaa-0000-0000-0000-000000000004', '2026-02-04 20:00:00', 1, 1, 'EMPATE', 1),
('e1a00000-0000-0000-0000-000000000003', '11111111-1111-1111-1111-111111111111', 'aaaaaaaa-0000-0000-0000-000000000005', 'aaaaaaaa-0000-0000-0000-000000000006', '2026-02-05 18:30:00', 0, 2, 'VISITANTE_GANO', 1),
('e1a00000-0000-0000-0000-000000000004', '11111111-1111-1111-1111-111111111111', 'aaaaaaaa-0000-0000-0000-000000000001', 'aaaaaaaa-0000-0000-0000-000000000003', '2026-02-11 19:00:00', 0, 0, 'PENDIENTE', 2),
('e1a00000-0000-0000-0000-000000000005', '11111111-1111-1111-1111-111111111111', 'aaaaaaaa-0000-0000-0000-000000000002', 'aaaaaaaa-0000-0000-0000-000000000005', '2026-02-12 20:00:00', 0, 0, 'PENDIENTE', 2),
('e1a00000-0000-0000-0000-000000000006', '11111111-1111-1111-1111-111111111111', 'aaaaaaaa-0000-0000-0000-000000000004', 'aaaaaaaa-0000-0000-0000-000000000006', '2026-02-13 18:30:00', 0, 0, 'PENDIENTE', 2),

('e3a00000-0000-0000-0000-000000000001', '33333333-3333-3333-3333-333333333333', 'cccccccc-0000-0000-0000-000000000001', 'cccccccc-0000-0000-0000-000000000002', '2025-11-08 19:00:00', 3, 1, 'LOCAL_GANO', 1),
('e3a00000-0000-0000-0000-000000000002', '33333333-3333-3333-3333-333333333333', 'cccccccc-0000-0000-0000-000000000003', 'cccccccc-0000-0000-0000-000000000004', '2025-11-08 21:00:00', 2, 0, 'LOCAL_GANO', 1),
('e3a00000-0000-0000-0000-000000000003', '33333333-3333-3333-3333-333333333333', 'cccccccc-0000-0000-0000-000000000001', 'cccccccc-0000-0000-0000-000000000003', '2025-11-15 19:00:00', 1, 2, 'VISITANTE_GANO', 2),
('e3a00000-0000-0000-0000-000000000004', '33333333-3333-3333-3333-333333333333', 'cccccccc-0000-0000-0000-000000000002', 'cccccccc-0000-0000-0000-000000000004', '2025-11-15 21:00:00', 0, 0, 'EMPATE', 2),
('e3a00000-0000-0000-0000-000000000005', '33333333-3333-3333-3333-333333333333', 'cccccccc-0000-0000-0000-000000000001', 'cccccccc-0000-0000-0000-000000000004', '2025-11-22 19:00:00', 2, 2, 'EMPATE', 3),
('e3a00000-0000-0000-0000-000000000006', '33333333-3333-3333-3333-333333333333', 'cccccccc-0000-0000-0000-000000000002', 'cccccccc-0000-0000-0000-000000000003', '2025-11-22 21:00:00', 1, 3, 'VISITANTE_GANO', 3);

INSERT INTO eventos_partido (id, partido_id, jugador_id, tipo, minuto, descripcion) VALUES
('e01a0000-0000-0000-0000-000000000001', 'e1a00000-0000-0000-0000-000000000001', 'd1a00000-0000-0000-0000-000000000001', 'GOL', 12, 'Definicion dentro del area'),
('e01a0000-0000-0000-0000-000000000002', 'e1a00000-0000-0000-0000-000000000001', 'd1a00000-0000-0000-0000-000000000003', 'GOL', 48, 'Remate de media distancia'),
('e01a0000-0000-0000-0000-000000000003', 'e1a00000-0000-0000-0000-000000000001', 'd1b00000-0000-0000-0000-000000000002', 'GOL', 70, 'Cabeza tras centro'),
('e01a0000-0000-0000-0000-000000000004', 'e1a00000-0000-0000-0000-000000000001', 'd1b00000-0000-0000-0000-000000000004', 'TARJETA_AMARILLA', 65, 'Falta tactica'),

('e01b0000-0000-0000-0000-000000000001', 'e1a00000-0000-0000-0000-000000000002', 'd1c00000-0000-0000-0000-000000000004', 'GOL', 33, 'Tiro libre'),
('e01b0000-0000-0000-0000-000000000002', 'e1a00000-0000-0000-0000-000000000002', 'd1d00000-0000-0000-0000-000000000005', 'GOL', 77, 'Contraataque'),

('e01c0000-0000-0000-0000-000000000001', 'e1a00000-0000-0000-0000-000000000003', 'd1f00000-0000-0000-0000-000000000001', 'GOL', 22, 'Definicion cruzada'),
('e01c0000-0000-0000-0000-000000000002', 'e1a00000-0000-0000-0000-000000000003', 'd1f00000-0000-0000-0000-000000000003', 'GOL', 84, 'Cabeza en el segundo palo'),
('e01c0000-0000-0000-0000-000000000003', 'e1a00000-0000-0000-0000-000000000003', 'd1e00000-0000-0000-0000-000000000006', 'TARJETA_ROJA', 88, 'Juego brusco grave'),

('e03a0000-0000-0000-0000-000000000001', 'e3a00000-0000-0000-0000-000000000001', 'd3a00000-0000-0000-0000-000000000001', 'GOL', 9, 'Remate al primer palo'),
('e03a0000-0000-0000-0000-000000000002', 'e3a00000-0000-0000-0000-000000000001', 'd3a00000-0000-0000-0000-000000000002', 'GOL', 40, 'Penal'),
('e03a0000-0000-0000-0000-000000000003', 'e3a00000-0000-0000-0000-000000000001', 'd3a00000-0000-0000-0000-000000000003', 'GOL', 73, 'Rebote en el area'),
('e03a0000-0000-0000-0000-000000000004', 'e3a00000-0000-0000-0000-000000000001', 'd3b00000-0000-0000-0000-000000000001', 'GOL', 81, 'Tiro esquinado'),

('e03b0000-0000-0000-0000-000000000001', 'e3a00000-0000-0000-0000-000000000002', 'd3c00000-0000-0000-0000-000000000001', 'GOL', 15, 'Remate de volea'),
('e03b0000-0000-0000-0000-000000000002', 'e3a00000-0000-0000-0000-000000000002', 'd3c00000-0000-0000-0000-000000000002', 'GOL', 61, 'Definicion mano a mano'),

('e03c0000-0000-0000-0000-000000000001', 'e3a00000-0000-0000-0000-000000000003', 'd3a00000-0000-0000-0000-000000000002', 'GOL', 20, 'Cabeza tras centro'),
('e03c0000-0000-0000-0000-000000000002', 'e3a00000-0000-0000-0000-000000000003', 'd3c00000-0000-0000-0000-000000000003', 'GOL', 52, 'Remate cruzado'),
('e03c0000-0000-0000-0000-000000000003', 'e3a00000-0000-0000-0000-000000000003', 'd3c00000-0000-0000-0000-000000000001', 'GOL', 79, 'Tiro de esquina directo'),

('e03d0000-0000-0000-0000-000000000001', 'e3a00000-0000-0000-0000-000000000005', 'd3a00000-0000-0000-0000-000000000001', 'GOL', 11, 'Remate colocado'),
('e03d0000-0000-0000-0000-000000000002', 'e3a00000-0000-0000-0000-000000000005', 'd3a00000-0000-0000-0000-000000000003', 'GOL', 58, 'Disparo de media distancia'),
('e03d0000-0000-0000-0000-000000000003', 'e3a00000-0000-0000-0000-000000000005', 'd3d00000-0000-0000-0000-000000000001', 'GOL', 32, 'Definicion dentro del area'),
('e03d0000-0000-0000-0000-000000000004', 'e3a00000-0000-0000-0000-000000000005', 'd3d00000-0000-0000-0000-000000000002', 'GOL', 67, 'Cabeza en el area'),

('e03e0000-0000-0000-0000-000000000001', 'e3a00000-0000-0000-0000-000000000006', 'd3b00000-0000-0000-0000-000000000002', 'GOL', 6, 'Definicion temprana'),
('e03e0000-0000-0000-0000-000000000002', 'e3a00000-0000-0000-0000-000000000006', 'd3c00000-0000-0000-0000-000000000001', 'GOL', 25, 'Tiro libre'),
('e03e0000-0000-0000-0000-000000000003', 'e3a00000-0000-0000-0000-000000000006', 'd3c00000-0000-0000-0000-000000000002', 'GOL', 49, 'Remate colocado'),
('e03e0000-0000-0000-0000-000000000004', 'e3a00000-0000-0000-0000-000000000006', 'd3c00000-0000-0000-0000-000000000004', 'GOL', 88, 'Contraataque');
